file,rows,cols
adl-01-acc.csv,248,5
adl-01-data.csv,149,2
adl-02-acc.csv,316,5
adl-02-data.csv,179,2
adl-03-acc.csv,286,5
adl-03-data.csv,179,2
adl-04-acc.csv,241,5
adl-04-data.csv,149,2
adl-05-acc.csv,310,5
adl-05-data.csv,179,2
adl-06-acc.csv,379,5
adl-06-data.csv,229,2
adl-07-acc.csv,282,5
adl-07-data.csv,179,2
adl-08-acc.csv,284,5
adl-08-data.csv,179,2
adl-09-acc.csv,259,5
adl-09-data.csv,149,2
adl-10-acc.csv,470,5
adl-10-data.csv,299,2
adl-11-acc.csv,468,5
adl-11-data.csv,299,2
adl-12-acc.csv,306,5
adl-12-data.csv,249,2
adl-13-acc.csv,336,5
adl-13-data.csv,264,2
adl-14-acc.csv,301,5
adl-14-data.csv,234,2
adl-15-acc.csv,347,5
adl-15-data.csv,274,2
adl-16-acc.csv,284,5
adl-16-data.csv,239,2
adl-17-acc.csv,265,5
adl-17-data.csv,229,2
adl-18-acc.csv,382,5
adl-18-data.csv,264,2
adl-19-acc.csv,389,5
adl-19-data.csv,249,2
adl-20-acc.csv,355,5
adl-20-data.csv,269,2
adl-21-acc.csv,327,5
adl-21-data.csv,279,2
adl-22-acc.csv,279,5
adl-22-data.csv,239,2
adl-23-acc.csv,273,5
adl-23-data.csv,219,2
adl-24-acc.csv,141,5
adl-24-data.csv,69,2
adl-25-acc.csv,106,5
adl-25-data.csv,109,2
adl-26-acc.csv,286,5
adl-26-data.csv,94,2
adl-27-acc.csv,350,5
adl-27-data.csv,99,2
adl-28-acc.csv,110,5
adl-28-data.csv,84,2
adl-29-acc.csv,368,5
adl-29-data.csv,124,2
adl-30-acc.csv,491,5
adl-30-data.csv,399,2
adl-31-acc.csv,423,5
adl-31-data.csv,249,2
adl-32-acc.csv,342,5
adl-32-data.csv,199,2
adl-33-acc.csv,344,5
adl-33-data.csv,199,2
adl-34-acc.csv,313,5
adl-34-data.csv,190,2
adl-35-acc.csv,504,5
adl-35-data.csv,279,2
adl-36-acc.csv,1543,5
adl-36-data.csv,339,2
adl-37-acc.csv,1540,5
adl-37-data.csv,329,2
adl-38-acc.csv,1527,5
adl-38-data.csv,344,2
adl-39-acc.csv,314,5
adl-39-data.csv,269,2
adl-40-acc.csv,406,5
adl-40-data.csv,329,2
fall-01-acc.csv,192,5
fall-01-data.csv,159,3
fall-02-acc.csv,129,5
fall-02-data.csv,109,3
fall-03-acc.csv,314,5
fall-03-data.csv,214,3
fall-04-acc.csv,116,5
fall-04-data.csv,95,3
fall-05-acc.csv,189,5
fall-05-data.csv,150,3
fall-06-acc.csv,127,5
fall-06-data.csv,99,3
fall-07-acc.csv,287,5
fall-07-data.csv,155,3
fall-08-acc.csv,114,5
fall-08-data.csv,90,3
fall-09-acc.csv,257,5
fall-09-data.csv,184,3
fall-10-acc.csv,115,5
fall-10-data.csv,129,3
fall-11-acc.csv,157,5
fall-11-data.csv,129,3
fall-12-acc.csv,137,5
fall-12-data.csv,109,3
fall-13-acc.csv,257,5
fall-13-data.csv,84,3
fall-14-acc.csv,139,5
fall-14-data.csv,60,3
fall-15-acc.csv,203,5
fall-15-data.csv,70,3
fall-16-acc.csv,155,5
fall-16-data.csv,54,3
fall-17-acc.csv,220,5
fall-17-data.csv,94,3
fall-18-acc.csv,144,5
fall-18-data.csv,64,3
fall-19-acc.csv,218,5
fall-19-data.csv,99,3
fall-20-acc.csv,257,5
fall-20-data.csv,109,3
fall-21-acc.csv,159,5
fall-21-data.csv,54,3
fall-22-acc.csv,149,5
fall-22-data.csv,55,3
fall-23-acc.csv,221,5
fall-23-data.csv,74,3
fall-24-acc.csv,225,5
fall-24-data.csv,59,3
fall-25-acc.csv,256,5
fall-25-data.csv,84,3
fall-26-acc.csv,195,5
fall-26-data.csv,60,3
fall-27-acc.csv,288,5
fall-27-data.csv,91,3
fall-28-acc.csv,170,5
fall-28-data.csv,65,3
fall-29-acc.csv,282,5
fall-29-data.csv,98,3
fall-30-acc.csv,259,5
fall-30-data.csv,69,3
urfall-cam0-adls.csv,8548,11
urfall-cam0-falls.csv,2994,11
