file,status,downloaded_now,size_bytes
fall-01-data.csv,200,True,2466
fall-01-acc.csv,200,True,9529
fall-02-data.csv,200,True,1631
fall-02-acc.csv,200,True,6379
fall-03-data.csv,200,True,3348
fall-03-acc.csv,200,True,15591
fall-04-data.csv,200,True,1412
fall-04-acc.csv,200,True,5766
fall-05-data.csv,200,True,2321
fall-05-acc.csv,200,True,9385
fall-06-data.csv,200,True,1474
fall-06-acc.csv,200,True,6338
fall-07-data.csv,200,True,2405
fall-07-acc.csv,200,True,14635
fall-08-data.csv,200,True,1340
fall-08-acc.csv,200,True,5720
fall-09-data.csv,200,True,2841
fall-09-acc.csv,200,True,12834
fall-10-data.csv,200,True,1968
fall-10-acc.csv,200,True,5761
fall-11-data.csv,200,True,1965
fall-11-acc.csv,200,True,7898
fall-12-data.csv,200,True,1634
fall-12-acc.csv,200,True,6918
fall-13-data.csv,200,True,1261
fall-13-acc.csv,200,True,12726
fall-14-data.csv,200,True,889
fall-14-acc.csv,200,True,6936
fall-15-data.csv,200,True,1050
fall-15-acc.csv,200,True,10045
fall-16-data.csv,200,True,796
fall-16-acc.csv,200,True,7739
fall-17-data.csv,200,True,1421
fall-17-acc.csv,200,True,10901
fall-18-data.csv,200,True,940
fall-18-acc.csv,200,True,7128
fall-19-data.csv,200,True,1472
fall-19-acc.csv,200,True,10954
fall-20-data.csv,200,True,1636
fall-20-acc.csv,200,True,12993
fall-21-data.csv,200,True,813
fall-21-acc.csv,200,True,7967
fall-22-data.csv,200,True,801
fall-22-acc.csv,200,True,7407
fall-23-data.csv,200,True,1105
fall-23-acc.csv,200,True,11275
fall-24-data.csv,200,True,867
fall-24-acc.csv,200,True,11118
fall-25-data.csv,200,True,1262
fall-25-acc.csv,200,True,12657
fall-26-data.csv,200,True,890
fall-26-acc.csv,200,True,9826
fall-27-data.csv,200,True,1378
fall-27-acc.csv,200,True,14324
fall-28-data.csv,200,True,965
fall-28-acc.csv,200,True,8572
fall-29-data.csv,200,True,1484
fall-29-acc.csv,200,True,14043
fall-30-data.csv,200,True,1030
fall-30-acc.csv,200,True,12895
adl-01-data.csv,200,True,1358
adl-01-acc.csv,200,True,13636
adl-02-data.csv,200,True,1658
adl-02-acc.csv,200,True,17236
adl-03-data.csv,200,True,1658
adl-03-acc.csv,200,True,15682
adl-04-data.csv,200,True,1356
adl-04-acc.csv,200,True,13276
adl-05-data.csv,200,True,1656
adl-05-acc.csv,200,True,16940
adl-06-data.csv,200,True,2156
adl-06-acc.csv,200,True,20951
adl-07-data.csv,200,True,1656
adl-07-acc.csv,200,True,15484
adl-08-data.csv,200,True,1656
adl-08-acc.csv,200,True,15538
adl-09-data.csv,200,True,1356
adl-09-acc.csv,200,True,14196
adl-10-data.csv,200,True,2856
adl-10-acc.csv,200,True,25649
adl-11-data.csv,200,True,2856
adl-11-acc.csv,200,True,25486
adl-12-data.csv,200,True,2358
adl-12-acc.csv,200,True,16534
adl-13-data.csv,200,True,2506
adl-13-acc.csv,200,True,18126
adl-14-data.csv,200,True,2206
adl-14-acc.csv,200,True,16248
adl-15-data.csv,200,True,2608
adl-15-acc.csv,200,True,18878
adl-16-data.csv,200,True,2256
adl-16-acc.csv,200,True,15427
adl-17-data.csv,200,True,2156
adl-17-acc.csv,200,True,14355
adl-18-data.csv,200,True,2506
adl-18-acc.csv,200,True,20608
adl-19-data.csv,200,True,2358
adl-19-acc.csv,200,True,20995
adl-20-data.csv,200,True,2555
adl-20-acc.csv,200,True,19130
adl-21-data.csv,200,True,2657
adl-21-acc.csv,200,True,17649
adl-22-data.csv,200,True,2258
adl-22-acc.csv,200,True,15111
adl-23-data.csv,200,True,2058
adl-23-acc.csv,200,True,14751
adl-24-data.csv,200,True,587
adl-24-acc.csv,200,True,7553
adl-25-data.csv,200,True,958
adl-25-acc.csv,200,True,5697
adl-26-data.csv,200,True,812
adl-26-acc.csv,200,True,15748
adl-27-data.csv,200,True,858
adl-27-acc.csv,200,True,19385
adl-28-data.csv,200,True,722
adl-28-acc.csv,200,True,6124
adl-29-data.csv,200,True,1108
adl-29-acc.csv,200,True,20294
adl-30-data.csv,200,True,3961
adl-30-acc.csv,200,True,27374
adl-31-data.csv,200,True,2356
adl-31-acc.csv,200,True,23053
adl-32-data.csv,200,True,1858
adl-32-acc.csv,200,True,18437
adl-33-data.csv,200,True,1858
adl-33-acc.csv,200,True,18705
adl-34-data.csv,200,True,1768
adl-34-acc.csv,200,True,17074
adl-35-data.csv,200,True,2658
adl-35-acc.csv,200,True,27487
adl-36-data.csv,200,True,3301
adl-36-acc.csv,200,True,76307
adl-37-data.csv,200,True,3191
adl-37-acc.csv,200,True,75240
adl-38-data.csv,200,True,3356
adl-38-acc.csv,200,True,76157
adl-39-data.csv,200,True,2558
adl-39-acc.csv,200,True,17335
adl-40-data.csv,200,True,3191
adl-40-acc.csv,200,True,22498
urfall-cam0-falls.csv,200,True,233957
urfall-cam0-adls.csv,200,True,671767
