base,file,status,ok,content_length
http://fenix.ur.edu.pl/~mkepski/ds/,fall-01-data.csv,404,False,278
http://fenix.ur.edu.pl/~mkepski/ds/,fall-01-acc.csv,404,False,278
http://fenix.ur.edu.pl/~mkepski/ds/,adl-01-data.csv,404,False,278
http://fenix.ur.edu.pl/~mkepski/ds/,adl-01-acc.csv,404,False,278
http://fenix.ur.edu.pl/~mkepski/ds/,urfall-cam0-falls.csv,404,False,278
http://fenix.ur.edu.pl/~mkepski/ds/,urfall-cam0-adls.csv,404,False,278
https://fenix.ur.edu.pl/~mkepski/ds/,fall-01-data.csv,404,False,278
https://fenix.ur.edu.pl/~mkepski/ds/,fall-01-acc.csv,404,False,278
https://fenix.ur.edu.pl/~mkepski/ds/,adl-01-data.csv,404,False,278
https://fenix.ur.edu.pl/~mkepski/ds/,adl-01-acc.csv,404,False,278
https://fenix.ur.edu.pl/~mkepski/ds/,urfall-cam0-falls.csv,404,False,278
https://fenix.ur.edu.pl/~mkepski/ds/,urfall-cam0-adls.csv,404,False,278
http://fenix.ur.edu.pl/~mkepski/ds/data/,fall-01-data.csv,200,True,2466
http://fenix.ur.edu.pl/~mkepski/ds/data/,fall-01-acc.csv,200,True,9529
http://fenix.ur.edu.pl/~mkepski/ds/data/,adl-01-data.csv,200,True,1358
http://fenix.ur.edu.pl/~mkepski/ds/data/,adl-01-acc.csv,200,True,13636
http://fenix.ur.edu.pl/~mkepski/ds/data/,urfall-cam0-falls.csv,200,True,233957
http://fenix.ur.edu.pl/~mkepski/ds/data/,urfall-cam0-adls.csv,200,True,671767
https://fenix.ur.edu.pl/~mkepski/ds/data/,fall-01-data.csv,200,True,2466
https://fenix.ur.edu.pl/~mkepski/ds/data/,fall-01-acc.csv,200,True,9529
https://fenix.ur.edu.pl/~mkepski/ds/data/,adl-01-data.csv,200,True,1358
https://fenix.ur.edu.pl/~mkepski/ds/data/,adl-01-acc.csv,200,True,13636
https://fenix.ur.edu.pl/~mkepski/ds/data/,urfall-cam0-falls.csv,200,True,233957
https://fenix.ur.edu.pl/~mkepski/ds/data/,urfall-cam0-adls.csv,200,True,671767
